common_name,introduced,log_10_mass,resident,max_color_contrast,popularity,commonness
Mourning Dove,False,2.08,False,22.5,0.771422820799362,100
Northern Cardinal,False,1.63,True,100,1.13745855056146,95.6839586471931
American Robin,False,1.9,False,50,1.11901656739905,94.4915735236188
American Crow,False,2.65,False,50,-0.126657700980333,94.3956865522187
Blue Jay,False,1.94,False,90,1.28515564491522,79.8312975676057
European Starling,True,1.89,False,55,0.936936772308971,70.8797545052969
Song Sparrow,False,1.38,False,46.5,-0.045890330254172,70.6435891421818
American Goldfinch,False,1.19,False,100,0.369369537395282,70.5362190387697
Red-winged Blackbird,False,1.71,False,52.5,0.499981614946155,69.4551507579243
Mallard,False,2.93,False,90,1.40705035988833,68.82151115762
Canada Goose,False,3.45,False,75,1.26350164145666,67.1526230405378
Downy Woodpecker,False,1.4,True,90,0.227312796594213,65.3198324778306
House Finch,False,1.33,True,80,0.506421815605774,64.1925873469792
Red-bellied Woodpecker,False,1.84,True,80,0.139620416983662,57.7247085426984
Turkey Vulture,False,3.18,False,52.5,0.842431612803128,54.3588728713919
House Sparrow,True,1.42,True,40,0.591994611663675,54.2641511277901
Black-capped Chickadee,False,1.03,True,90,0.500833791327825,53.8195979287512
Tufted Titmouse,False,1.33,True,40,0.627928826854636,53.1757343942168
White-breasted Nuthatch,False,1.32,True,75,-0.205030753327387,49.3460440892128
Dark-eyed Junco,False,1.29,False,75,0.513035311671359,49.278667610877
Great Blue Heron,False,3.4,False,60,1.01020144703694,48.9688673685096
Northern Flicker,False,2.16,False,50,0.319895011734276,48.7304655197818
Northern Mockingbird,False,1.69,False,65,0.178425962794763,46.926166656142
Red-tailed Hawk,False,3.04,False,50,1.13343458656236,44.1338861775416
Carolina Wren,False,1.28,True,40,0.302966952650263,44.0805488147754
Yellow-rumped Warbler,False,1.08,False,55,-0.239394708584013,41.0416159228754
Common Grackle,False,2.02,False,50,0.713582178349342,40.9534720781349
Ring-billed Gull,False,2.71,False,70,-0.588256284151123,37.6393950738679
Double-crested Cormorant,False,3.26,False,55,-0.231365658736215,36.0594213553929
Killdeer,False,1.98,False,75,0.718514090762155,35.2201378426897
Carolina Chickadee,False,1,True,90,-0.325815096035798,35.0985782717341
Gray Catbird,False,1.55,False,25,0.062922052984014,31.7527582069625
Barn Swallow,False,1.25,False,80,0.944990936027024,31.5464940926709
Rock Pigeon,True,2.491362,True,35,0.588652042107086,30.7206858756348
White-throated Sparrow,False,1.39,False,50,-0.191940118858533,30.5385908411591
Chipping Sparrow,False,1.09,False,60,-0.131841710361876,30.001345650167
Brown-headed Cowbird,False,1.61,False,45,-0.03239327347944,29.3112112956431
Tree Swallow,False,1.29,False,60,0.097431486899038,29.1798600523826
Great Egret,False,2.98,False,65,0.526672424903664,28.8752657471139
Eastern Bluebird,False,1.44,False,100,0.434737062383518,28.4256945509437
Common Yellowthroat,False,0.98,False,80,-0.409888621661697,27.9543787005379
Eastern Phoebe,False,1.29,False,75,-0.188077038270691,26.9197127976593
American Coot,False,2.75,False,75,-0.007112833529289,25.0718118615679
Belted Kingfisher,False,2.23,False,70,-0.062296050880336,24.293045018388
Cedar Waxwing,False,1.5,False,70,0.562646575943725,24.1512631069333
Ruby-crowned Kinglet,False,0.81,False,70,-0.244331283685334,23.7992515478735
Common Raven,False,2.97,True,50,1.7301231258374,22.9973305007021
Hairy Woodpecker,False,1.78,True,90,-0.000201,22.8882313495893
Herring Gull,False,3.04,False,65,-0.164229428049354,22.8095220912155
White-crowned Sparrow,False,1.45,False,66.5,-0.062092165808985,21.8834854895309
House Wren,False,1.04,False,7.5,0.401731408965324,21.7140200208688
Eastern Towhee,False,1.602059991,False,85,-0.03125726138357,21.6214783808896
Bald Eagle,False,3.67,False,80,1.89601984197733,21.002159806106
Pied-billed Grebe,False,2.62,False,50,-0.322608830235245,20.4134754460191
Osprey,False,3.22,False,70,1.55330284507196,20.0441358219592
Blue-gray Gnatcatcher,False,0.78,False,60,-0.484502650663747,19.9711775265897
American Kestrel,False,2.06,False,70,0.407984920000103,19.1347694953887
Yellow Warbler,False,1.01,False,100,0.140261848759958,18.5042872865377
Pileated Woodpecker,False,2.47,True,90,0.898650425898074,17.5211357287409
Wood Duck,False,2.82,False,50,1.13378533346921,17.2672288326973
Eurasian Collared-dove,True,2.17,True,40,0.189584488761126,17.1867529386293
Red-shouldered Hawk,False,2.78,False,55,0.466670178065701,17.1392229208577
Bufflehead,False,2.6,False,90,0.472706477782834,16.9241444220921
Red-eyed Vireo,False,1.322219295,False,70,-0.46776681369958,16.538660754827
Snowy Egret,False,2.57,False,75,0.255846080255464,15.7595556197057
Anna's Hummingbird,False,0.63,False,100,-0.267161293968652,15.5788137529957
Black Vulture,False,3.28,True,60,0.608210494893788,14.9800182226592
Chimney Swift,False,1.380211242,False,50,0.541914790897767,14.8661641903696
Spotted Towhee,False,1.61,False,87.5,-0.289372147718474,14.7295882160136
Northern Shoveler,False,2.79,False,90,0.136923150614279,14.7144214606393
Cooper's Hawk,False,2.63,False,50,1.17451582513819,14.6852531776889
Ruby-throated Hummingbird,False,0.49,False,100,0.613591824075278,14.518738366516
Gadwall,False,2.96,False,50,0.523335841307466,14.4621308483159
Indigo Bunting,False,1.17,False,100,0.637036726314356,14.4399539321551
Savannah Sparrow,False,1.33,False,60,-0.441501118094682,13.6485199351682
Red-breasted Nuthatch,False,0.99,False,60,-0.105339995877665,13.6428065601573
Black Phoebe,False,1.27,False,75,-0.262817062166832,13.5069823456712
Lesser Goldfinch,False,0.95,False,100,-0.359045322247552,13.4600349417987
Brown Thrasher,False,1.84,False,50,0.399393018102487,13.4165644273243
Eastern Kingbird,False,1.591064607,False,90,-0.278699763518377,13.3484737771122
Northern Harrier,False,2.59,False,45,0.354694535161544,13.1773356427396
Fish Crow,False,2.45,False,50,-0.441853022923764,12.8094055684357
Baltimore Oriole,False,1.54,False,90,1.07661153888395,12.5699700498867
Green-winged Teal,False,2.53,False,80,0.300722878357244,12.354459289196
Ruddy Duck,False,2.78,False,75,0.279711355994881,12.1294951481418
Great Crested Flycatcher,False,1.53,False,80,-0.350904263769891,12.1255859968185
Ring-necked Duck,False,2.85,False,75,0.193133035633385,11.8271561224827
Eastern Wood-pewee,False,1.15,False,50,-0.288525200630169,11.7733113218043
California Scrub-jay,False,1.94,True,90,0.414820945838032,11.7624671856816
Field Sparrow,False,1.1,False,45,-0.431377208144129,11.7089794709414
Northern Rough-winged Swallow,False,1.16,False,35,-0.856666057256773,11.6150658691997
American Wigeon,False,2.88,False,60,-0.074815713954581,11.5125070289547
Laughing Gull,False,2.49,False,80,-0.062345238484168,11.489070915012
Bewick's Wren,False,1,False,55,-0.583469159881458,10.9625946841556
Hooded Merganser,False,2.79,False,85,0.389319972645023,10.874526015402
American Redstart,False,0.92,False,80,-0.236013774668855,10.8297023331619
Hermit Thrush,False,1.48,False,37.5,0.148849005469046,10.6757607058123
Green Heron,False,2.38,False,70,0.444617858993275,10.643397443415
Golden-crowned Kinglet,False,0.78,False,80,-0.253506571157322,10.4371333291234
Warbling Vireo,False,1.096910013,False,90,-0.592151058183631,10.3107624950007
Pine Siskin,False,1.1,False,50,0.08145597967972,10.3028314283738
Swamp Sparrow,False,1.24,False,30,-0.666091012700159,10.295257447685
Spotted Sandpiper,False,1.62,False,55,-0.492659077076257,10.2948627737533
Common Merganser,False,3.16,False,90,-0.057578901107416,10.2750726951794
Greater Yellowlegs,False,2.21,False,47.5,-0.295458028681765,10.153795034175
Pine Warbler,False,1.07,False,90,-0.233483126447545,9.95410881874468
Great-tailed Grackle,False,2.18,True,52.5,-0.292956662125226,9.83798071284877
Great Black-backed Gull,False,3.22,False,90,-0.421128769043578,9.82478732713282
Orange-crowned Warbler,False,0.96,False,80,-0.342896520180882,9.81149997143312
Blue-winged Teal,False,2.56,False,37.5,0.285080876145203,9.75603888703455
Palm Warbler,False,1.01,False,80,-0.374177269367774,9.68283626970738
Least Sandpiper,False,1.36,False,65,-0.787056480221407,9.57497752237989
Black-and-white Warbler,False,1.04,False,100,-0.310016910223303,9.51756186231969
Northern Parula,False,0.9,False,75,-0.406229197677071,9.12730451988104
White-eyed Vireo,False,1.06,False,80,-0.750991266000609,9.0565827101244
Steller's Jay,False,2.11,True,90,0.282506480473369,9.01961491852426
Wild Turkey,False,3.76,True,40,3.22654599707625,9.010593800086
Eastern Meadowlark,False,1.96,False,90,-0.276854026631976,8.82883705755172
White-winged Dove,False,2.19,False,40,0.469788630074846,8.81763583549088
American Black Duck,False,3.09,False,30,0.476057518948493,8.72191801006155
Brown Pelican,False,3.54,False,37.5,0.609185236896457,8.6920355552348
Bushtit,False,0.7,True,7.5,-0.035547062458221,8.65897691495791
Lesser Scaup,False,2.91,False,80,-0.241643838325716,8.64841468878644
Brown Creeper,False,0.9,False,40,-0.178753360255647,8.58241017221315
Yellow-bellied Sapsucker,False,1.69,False,85,0.338781582335122,8.45669712797659
Common Loon,False,3.7,False,90,0.407389449413017,8.45175430683229
Western Meadowlark,False,2,False,90,0.360619411274653,8.4028523272982
Common Goldeneye,False,2.96,False,90,-0.351664209128946,8.37990485727087
American Tree Sparrow,False,1.26,False,44,-0.652520745521226,8.34671465901675
Brewer's Blackbird,False,1.8,False,52.5,-0.600438046201481,8.27091847013859
Cliff Swallow,False,1.380211242,False,60,-0.081516297804008,8.24156224722074
Ovenbird,False,1.27,False,90,0.042345783873345,8.22295619044182
Rose-breasted Grosbeak,False,1.62,False,80,0.501217414485439,8.09325881889503
White Ibis,False,2.95,False,65,0.039265351954764,8.02913370199637
Red-breasted Merganser,False,3.01,False,75,-0.249781556517099,7.89573391309054
Purple Finch,False,1.37,False,80,0.575743477861677,7.83933312885464
California Towhee,False,1.69,True,20,-0.552301136122712,7.71628883215607
Northern Pintail,False,2.98,False,27.5,0.955952313737387,7.65073537150469
Wood Thrush,False,1.65,False,60,0.325757706881725,7.5618397668943
Sandhill Crane,False,3.63,False,50,1.2263649370145,7.47642105168198
Little Blue Heron,False,2.53,False,50,-0.099727064358768,7.25756495957035
American White Pelican,False,3.75,False,75,-0.202926287771143,7.21907485423376
Willet,False,2.39,False,50,0.029820362383501,7.20638890642995
Purple Martin,False,1.698970004,False,50,1.14424760932855,7.20005532952642
Marsh Wren,False,1.03,False,30,-0.339219769726083,7.0837580776598
Forster's Tern,False,2.17,False,75,-1.21413296239965,7.04594455620607
Black-billed Magpie,False,2.34,True,90,-0.197610661412345,6.94639275544048
Black-crowned Night-heron,False,2.91,False,80,0.223198730794001,6.90617360240322
Horned Lark,False,1.52,False,70,-0.13061213158459,6.89012352918181
Scarlet Tanager,False,1.397940009,False,90,0.532377352732473,6.56295763382077
Fox Sparrow,False,1.54,False,55,-0.226052686607025,6.54831711035534
Loggerhead Shrike,False,1.71,False,90,0.083951500111612,6.4606994975237
Sharp-shinned Hawk,False,2.12,False,50,0.577794362039218,6.45804954398246
Mute Swan,True,4.03,True,60,0.477201769181931,6.37684068404134
Lesser Yellowlegs,False,1.89,False,40,-0.784287554182179,6.30264198488662
Wilson's Warbler,False,0.88,False,100,-0.740142398990334,6.26650112914332
Chestnut-backed Chickadee,False,1,True,75,-0.733316315936059,6.16837767213045
Lincoln's Sparrow,False,1.26,False,32.5,-0.902575745121359,6.13689772758026
Boat-tailed Grackle,False,2.18,True,55,-0.465223217932996,6.07215240878897
California Gull,False,2.84,False,90,-0.156489961838765,6.07198326281825
Say's Phoebe,False,1.32,False,30,-0.845162675843973,6.06886345935835
Black-throated Green Warbler,False,0.94,False,80,-0.55324681557832,6.04358553373447
Golden-crowned Sparrow,False,1.5,False,40,-0.645411659498008,6.00094195511693
Redhead,False,3.03,False,50,0.78307262585737,5.86419683479024
Caspian Tern,False,2.81,False,90,-0.336555323687009,5.85072153912308
Swainson's Thrush,False,1.544068044,False,42.5,-0.693358984191356,5.79610618457809
Acorn Woodpecker,False,1.9,True,80,-0.051145355835907,5.72987614004384
Horned Grebe,False,2.66,False,40,-0.500269925737254,5.61513878990717
Western Bluebird,False,1.42,False,100,0.056633777307849,5.59786710689724
Violet-green Swallow,False,1.15,False,70,-0.509785994818313,5.57781391236885
Tricolored Heron,False,2.5,False,55,-0.190399586274396,5.56807862205422
Western Gull,False,2.97,False,90,-0.602091726273666,5.55031829512889
Western Kingbird,False,1.62,False,80,-0.2501937644201,5.45138669625593
Red-headed Woodpecker,False,1.86,False,90,0.841060316665497,5.44633111113115
Black-necked Stilt,False,2.22,False,90,-0.295081050669416,5.43937733233499
Common Gallinule,False,2.602059991,False,55,0.064748133318356,5.43558094499222
Black-bellied Plover,False,2.4,False,85,-0.691193672642927,5.35598836877129
Semipalmated Plover,False,1.67,False,85,-0.740957206954304,5.1990209079455
Magnolia Warbler,False,0.91,False,85,-0.379802212308729,5.176900373775
Cattle Egret,True,2.58,False,52.5,0.227372153107542,5.07774324694109
Sanderling,False,1.71,False,60,0.544816242474558,5.02737533566078
Black-headed Grosbeak,False,1.62,False,75,-0.145746106202039,5.01717019542749
Great Horned Owl,False,3.18,True,45,1.35032279884286,5.01649361154462
Anhinga,False,3.13,False,65,0.681847477466055,4.9992219285347
Orchard Oriole,False,1.28,False,70,-0.068065682799016,4.95313904851256
Chestnut-sided Warbler,False,0.97,False,80,-0.620391589716233,4.93902475695603
California Quail,False,2.27,True,65,0.913697584824705,4.93861128902761
Yellow-billed Cuckoo,False,1.77815125,False,55,0.042534463283932,4.92000523224869
Blue-headed Vireo,False,1.19,False,50,-0.679897082853425,4.84652070497033
Nashville Warbler,False,0.91,False,90,-0.555100513129588,4.83306420329992
Wilson's Snipe,False,2.05,False,35,-0.544843886086756,4.72174736057109
Nuttall's Woodpecker,False,1.58,True,90,-1.35388092982963,4.71086563645494
Summer Tanager,False,1.45,False,100,0.107110528883769,4.67083442338514
Mountain Chickadee,False,1.05,True,90,-0.389438898484844,4.63356592783706
Bonaparte's Gull,False,2.32,False,70,-1.01513141027155,4.49606904764052
Western Grebe,False,3.06,False,85,-0.236706884093543,4.37123932125104
Dunlin,False,1.72,False,60,0.211086996331083,4.36567629821412
Peregrine Falcon,False,2.88,False,65,1.64912647436644,4.33222298400555
Blue Grosbeak,False,1.47,False,100,-0.027520289375923,4.32132246589265
American Pipit,False,1.35,False,55,-0.666327817823193,4.25219814585945
Oak Titmouse,False,1.2,True,10,-0.5962379205588,4.24956698631496
Royal Tern,False,2.65,False,75,-0.225021369893125,4.15693137635204
Western Tanager,False,1.48,False,100,0.252661080392069,4.09122756372668
American Avocet,False,2.48,False,85,-0.369073911103741,4.06976481944231
Western Wood-pewee,False,1.113943352,False,60,-0.588690114659103,4.05467324005496
Brown-headed Nuthatch,False,1.01,True,45,-0.442771939288082,4.04132950236503
Yellow-throated Vireo,False,1.24,False,90,-0.588481971448702,4.00573367252738
Surf Scoter,False,3,False,85,-0.061815779618055,3.95138143393684
Barred Owl,False,2.85,True,35,1.31057673929488,3.94033056384997
Lark Sparrow,False,1.46,False,57.5,-0.467007915643008,3.91042931502647
Veery,False,1.511883361,False,42.5,0.09956314853634,3.8679360883829
Cinnamon Teal,False,2.58,False,70,0.157063303007791,3.86180924544358
Ladder-backed Woodpecker,False,1.48,True,85,-0.363211704777393,3.81100907223811
Eared Grebe,False,2.62,False,84,-0.395382066174084,3.8074006248628
Canvasback,False,3.08,False,75,0.874685910355101,3.79554161291583
Glaucous-winged Gull,False,3.02,False,55,-0.872905832365014,3.74186595820816
Black-chinned Hummingbird,False,0.48,False,100,0.164890873090952,3.70046278337588
Semipalmated Sandpiper,False,1.44,False,50,-0.653718942271133,3.63184590125483
Merlin,False,2.28,False,45,0.535364755327327,3.60795873139018
Greater Scaup,False,3,False,80,0.469875722633222,3.59249127206791
Ruddy Turnstone,False,2.13,False,60,-0.315552477422645,3.5904615204193
Verdin,False,0.83,True,50,-0.211070337485876,3.56941224406335
Snow Goose,False,3.42,False,80,1.35236868982273,3.53810144548387
Black-throated Blue Warbler,False,1.01,False,90,-0.227524425456006,3.45525750782582
Solitary Sandpiper,False,1.69,False,65,-0.727679782242874,3.42481123309667
Willow Flycatcher,False,1.096910013,False,60,0.030136552976271,3.37816453317215
Ring-necked Pheasant,True,3.05,True,70,0.966061067809865,3.32473320042218
Tennessee Warbler,False,0.95,False,80,-0.588935662585404,3.29263305397936
Winter Wren,False,0.99,False,10,-0.024425927287234,3.28831043472769
Blackpoll Warbler,False,1.096910013,False,90,-0.38679825105965,3.2804545440877
Western Sandpiper,False,1.44,False,60,-0.584474590305276,3.2573567220864
Prairie Warbler,False,0.88,False,100,-0.52562059805817,3.25613511229788
Yellow-breasted Chat,False,1.41,False,90,0.388698152680582,3.21933646666847
Yellow-throated Warbler,False,0.99,False,80,-0.177405537494666,3.20685725282887
Northern Waterthrush,False,1.24,False,45,-0.692157238346639,3.16118784073516
Bullock's Oriole,False,1.56,False,60,-0.350401860686005,3.15720351342492
Sora,False,1.87,False,40,-0.208243477208466,3.09569076207401
Vesper Sparrow,False,1.41,False,57.5,-0.390803270250215,3.06131654202488
Bank Swallow,False,1.130333768,False,45,-0.302672424322071,3.05799000460077
Least Flycatcher,False,1,False,60,-0.608874387128757,3.03752334214395
Wrentit,False,1.16,True,15,-0.606833594874379,3.03147167519162
Long-billed Dowitcher,False,2.02,False,30,-0.487292852250627,2.97514606694271
Common Nighthawk,False,1.903089987,False,60,0.307444853550056,2.95637086419307
Hooded Warbler,False,1.021189299,False,100,-0.21723112504094,2.9377836014109
Scissor-tailed Flycatcher,False,1.61,False,45,0.545274887753175,2.90126686573268
Band-tailed Pigeon,False,2.55,False,20,-0.029598239154992,2.86743767158919
Acadian Flycatcher,False,1.10720997,False,60,-0.542841948400056,2.85493966375284
Townsend's Warbler,False,0.95,False,80,-0.72492010496577,2.81686302634467
Glossy Ibis,False,2.8,False,60,-0.142742502403865,2.81665629238046
Cackling Goose,False,3.45,False,72.5,-0.129452937464692,2.80509798438143
Rufous Hummingbird,False,0.65,False,100,0.399282201601918,2.77651231533018
Common Tern,False,2.11,False,75,-0.025585450082662,2.77211452009153
Bobolink,False,1.51851394,False,85,0.797313030607742,2.76142073594284
Broad-winged Hawk,False,2.66,False,60,0.482043174387991,2.75630876882782
Short-billed Dowitcher,False,2.04,False,30,-0.547953845663067,2.74943016601864
White-faced Ibis,False,2.79,False,60,-0.180292749810768,2.72428379837198
Mottled Duck,False,2.99,False,10,0.329962866136194,2.69526586739557
Gila Woodpecker,False,1.81,True,80,-0.063060346182027,2.67119075756345
Yellow-headed Blackbird,False,1.87,False,100,0.110309502598042,2.6571516419939
Brant,False,3.176091259,False,55,0.614774857505561,2.64596921392981
Pygmy Nuthatch,False,1.03,True,45,-0.528577527135569,2.64378911030722
Curve-billed Thrasher,False,1.91,True,22.5,-0.527694980518972,2.64059413086034
Pectoral Sandpiper,False,1.9,False,55,-0.825210676399481,2.63950407904905
Ash-throated Flycatcher,False,1.47,False,60,-0.432781730348938,2.63743673940695
Black-bellied Whistling-duck,False,2.88,False,80,0.224284150804973,2.61954485450439
Marbled Godwit,False,2.55,False,30,-0.549314092493068,2.5906584815052
Least Tern,False,1.67,False,80,0.273745052388208,2.5823139469498
Blackburnian Warbler,False,1.041392685,False,60,-0.198596757451899,2.56120828860362
Wood Stork,False,3.41,False,90,0.514197966874376,2.54955601062086
Dickcissel,False,1.42,False,60,-0.065916583053448,2.53420131527906
Pacific Wren,False,0.954242509,False,5,-0.933918125349871,2.51266339500771
Allen's Hummingbird,False,0.53,False,100,-0.432870312476053,2.44906451001795
Common Ground-dove,False,1.55,True,22.5,-0.659270245056491,2.4311350371219
Red-throated Loon,False,3.17,False,80,-0.246046801740465,2.43025171927482
Pacific-slope Flycatcher,False,1.04,False,60,-0.774398529650425,2.41876858726278
Gambel's Quail,False,2.23,True,45,0.220312812166474,2.41437079202412
Neotropic Cormorant,False,3.15,False,50,-0.361826285737337,2.39465588943717
Painted Bunting,False,1.19,False,100,0.820152558836067,2.37490339885672
Black-crested Titmouse,False,1.33,True,60,-0.836136984106172,2.34319792634557
Roseate Spoonbill,False,3.17,False,80,0.540300946851962,2.33128253240836
Swainson's Hawk,False,2.98,False,62.5,0.088648716278215,2.32596383132914
Long-tailed Duck,False,2.94,False,75,0.28562066338344,2.32107739217508
Hutton's Vireo,False,1.04,True,90,-1.32917562428118,2.28707905206087
Yellow-crowned Night-heron,False,2.83,False,70,0.171588706181579,2.2861581462203
Tundra Swan,False,3.81,False,65,0.498160074193386,2.27093500885573
Cassin's Kingbird,False,1.63,False,80,-1.44873947145145,2.25123890026552
Golden-fronted Woodpecker,False,1.91,True,75,-0.753390841362691,2.24757407089997
White-winged Scoter,False,3.26,False,75,-0.508526325050509,2.24650281308543
Greater White-fronted Goose,False,3.4,False,45,0.07765079834843,2.22425072093771
Blue-winged Warbler,False,0.954242509,False,80,-0.444765307208899,2.19224454447862
Louisiana Waterthrush,False,1.3,False,45,-0.559992404524033,2.18078020646333
American Oystercatcher,False,2.74,False,90,-0.256748184942354,2.16706058883847
Common Eider,False,3.31,False,80,0.191481765226886,2.14924387992289
Black Skimmer,False,2.47,False,90,0.156948026374264,2.12979209329039
Virginia Rail,False,1.9,False,70,0.119722448195176,2.12825098555718
Inca Dove,False,1.71,True,45,-0.327464779755204,2.10477728362095
Lazuli Bunting,False,1.19,False,100,0.029356884268112,2.09541787324125
Northern Bobwhite,False,2.24,True,40,1.16832348516984,2.08703575069237
Rusty Blackbird,False,1.78,False,50,-0.068409060260463,2.07666146448836
Prothonotary Warbler,False,1.16,False,100,0.013276781020475,2.0697076856922
Mew Gull,False,2.62,False,75,0.046923749013827,2.06089330121815
Phainopepla,False,1.34,False,50,-0.244985961396576,2.04407267413013
Trumpeter Swan,False,4.04,False,65,0.859387261871138,2.01009312801267
Varied Thrush,False,1.89,False,60,0.074092734099443,2.00588327274148
Long-billed Curlew,False,2.77,False,30,0.215323620170462,2.00338367117421
Broad-tailed Hummingbird,False,0.55,False,100,-0.138363392190728,1.99250194705806
Greater Roadrunner,False,2.57,True,45,0.952508872903785,1.98417620649941
White-tailed Kite,False,2.54,False,85,-0.01777937355855,1.92598999257261
Rock Wren,False,1.21,False,7.5,-0.415631249837973,1.90922574747483
Vermilion Flycatcher,False,1.16,False,100,0.042171252096608,1.8992461352025
Grasshopper Sparrow,False,1.25,False,45,-0.081125234428271,1.89236753239333
Pelagic Cormorant,False,3.27,False,65,-1.06114782596526,1.86468397518591
Cactus Wren,False,1.59,True,60,0.648413963243576,1.83946243155226
Rough-legged Hawk,False,2.98,False,70,0.238413025489373,1.82636301582003
Whimbrel,False,2.56,False,20,0.129104436243795,1.82506623004453
Black-throated Gray Warbler,False,0.9,False,75,-0.695481976380207,1.82376944426903
Abert's Towhee,False,1.68,True,20,-1.55784230850553,1.80429886363978
Mountain Bluebird,False,1.47,False,100,0.604584858988452,1.80240066996839
Crested Caracara,False,3.07,True,70,0.666468997448372,1.77071399145399
Black Scoter,False,3.02,False,50,-0.420161405623134,1.71668125080814
Common Redpoll,False,1.15,False,80,-0.083182278220318,1.69666564427324
Townsend's Solitaire,False,1.51,False,25,-1.05007300540934,1.68054039506484
White-throated Swift,False,1.49,False,70,-0.900571370136421,1.65845744888784
Red-necked Grebe,False,3.01,False,50,-0.455885242875386,1.63652485468481
Hooded Oriole,False,1.39,False,70,0.072109072311661,1.62427116880617
Heermann's Gull,False,2.7,False,45,-1.31051479175221,1.6064544598906
Brandt's Cormorant,False,3.35,False,50,-1.35001770486362,1.60147405075281
Wilson's Phalarope,False,1.78,False,55,-1.19329296139357,1.57187350587725
Black-throated Sparrow,False,1.11,False,70,-0.547071216891106,1.56651721680453
Canyon Wren,False,1.08,False,40,-0.180058898362727,1.56507007905506
Red Crossbill,False,1.58,False,80,0.011336628762036,1.5583606222166
Northern Gannet,False,3.48,False,65,-0.064164066688152,1.5287788713378
Eastern Screech-owl,False,2.24,True,32.5,1.04449356720167,1.52285876236269
Canada Warbler,False,1.041392685,False,80,-0.534740118967269,1.51746488529647
Olive-sided Flycatcher,False,1.505149978,False,45,-0.389463594252648,1.50117049011736
Red-breasted Sapsucker,False,1.76,False,90,-0.225996323778826,1.49634043295354
Cape May Warbler,False,1,False,90,-0.439337628598009,1.44905473713964
Bell's Vireo,False,0.93,False,40,-0.552590051966126,1.44653634157562
Cassin's Finch,False,1.42,False,90,-0.815663585203026,1.44266477824587
Clapper Rail,False,2.41,True,60,0.206589382860855,1.43467732962866
Franklin's Gull,False,2.45,False,80,-0.98074893448189,1.43448938966119
Mississippi Kite,False,2.477121255,False,50,0.345612541944322,1.42279952368494
Clay-colored Sparrow,False,1.05,False,45,-0.432321594266156,1.42029992211767
Evening Grosbeak,False,1.79,False,70,0.244084158153873,1.41659750475864
California Thrasher,False,1.93,True,15,-0.576074646547491,1.41039548583233
Golden Eagle,False,3.63,False,30,1.90509274162948,1.39520993646125
American Bittern,False,2.85,False,20,0.234327764547708,1.3848168562605
Black Tern,False,1.740362689,False,65,-0.045771677047019,1.3294685358424
Clark's Grebe,False,3.06,False,80,-1.02721466230202,1.32661184833695
Green-tailed Towhee,False,1.46,False,70,-0.635675424574606,1.32422501075016
Worm-eating Warbler,False,1.15,False,40,-0.430927190191,1.31007313120013
Reddish Egret,False,2.79,False,10,-0.147822898025833,1.30808096754502
American Woodcock,False,2.29,False,40,0.264486426063214,1.30497995808186
Macgillivray's Warbler,False,1,False,80,-1.39437571293145,1.28742636512074
Harris's Sparrow,False,1.55,False,70,-0.680821569254254,1.27519147323885
Bay-breasted Warbler,False,1.089905111,False,55,-0.465603471738289,1.26406542716499
Ruffed Grouse,False,2.73,True,30,1.27459412651959,1.25293938109113
Great Kiskadee,False,1.8,True,90,0.404486290135532,1.22666537363969
Brewer's Sparrow,False,1.02,False,30,-1.14528884229891,1.21873430701271
Snow Bunting,False,1.63,False,100,0.195108795069187,1.21726837526649
Pyrrhuloxia,False,1.55,True,80,-0.141075238227487,1.17032097139403
Pigeon Guillemot,False,2.72,False,70,-0.571744846107336,1.14789973327559
Stilt Sandpiper,False,1.8,False,40,-1.00793969190165,1.13743147708786
Sedge Wren,False,0.96,False,25,-0.447458365297345,1.12799689072117
Limpkin,False,3.03,True,20,0.37356819825503,1.12389979943046
Alder Flycatcher,False,1.133538908,False,60,-0.513693159289996,1.11566802885555
Common Murre,False,3,False,87.5,0.270112872425052,1.09901654773825
Piping Plover,False,1.72,False,80,0.946117936992138,1.04851707848072
Kentucky Warbler,False,1.217483944,False,90,-0.341958192815489,1.04062359984724
Black Oystercatcher,False,2.74,True,52.5,-1.10380823683451,1.03406449498275
Pacific Loon,False,3.35,False,80,-0.353382663660579,1.01602225810622
Rufous-crowned Sparrow,False,1.28,True,30,-0.815810250667669,1.01419924042182
Vaux's Swift,False,1.28,False,50,-0.280642489564205,1.00656887774279
Clark's Nutcracker,False,2.11,True,65,-0.318508447404176,0.992059912254588
Harlequin Duck,False,2.75,False,70,0.477012901080975,0.981103012151446
Red-necked Phalarope,False,1.56,False,55,-0.50589488344932,0.978340294629728
Barrow's Goldeneye,False,2.96,False,90,-0.348116789696178,0.943853310600114
Green Jay,False,1.9,True,100,0.285413941720814,0.939756219309403
Baird's Sandpiper,False,1.62324929,False,50,-1.27913012501238,0.9350953081163
Costa's Hummingbird,False,0.48,False,100,-0.444914333571352,0.914196383734322
Lapland Longspur,False,1.45,False,83,-0.340612778299612,0.883505787047478
Cassin's Vireo,False,1.19,False,70,-0.884922658801067,0.877228592134186
Gray-cheeked Thrush,False,1.477121255,False,50,-0.864790045445494,0.871101749194865
Ross's Goose,False,3.16,False,77.5,0.058283206939027,0.863339828538609
Barn Owl,False,2.61,False,55,1.83550857890462,0.853285040279293
Dusky Flycatcher,False,1.04,False,60,-0.895128535919384,0.835073657432048
Broad-billed Hummingbird,False,0.48,False,100,-0.413905600016028,0.834547425523149
Least Bittern,False,1.94,False,45,-0.031288936396375,0.823045499514363
Prairie Falcon,False,2.85,False,55,0.456250657125866,0.819662580100014
Lucy's Warbler,False,0.819543936,False,40,-1.50749584096785,0.767076977203633
Monk Parakeet,True,2.08,True,100,1.65851023770172,0.763017473906415
Black-billed Cuckoo,False,1.720159303,False,60,-0.307159548033577,0.760311138374935
Snowy Plover,False,1.63,False,85,0.56065080915574,0.759484202518094
Philadelphia Vireo,False,1.086359831,False,65,-0.518889502565042,0.758563296677522
Red Knot,False,2.15,False,60,0.770120921413723,0.755650227181832
Great Cormorant,False,3.4,False,60,-0.026011769538652,0.74807624649304
Couch's Kingbird,False,1.58,False,80,-1.66775455076797,0.732458435196795
Burrowing Owl,False,2.18,False,10,1.37294377921299,0.728117021948381
Mourning Warbler,False,1.088136089,False,80,-0.434597268569507,0.726688678195656
Snowy Owl,False,3.36,False,70,1.90604989007404,0.721426359106668
Swallow-tailed Kite,False,2.67669361,False,90,0.518780458602401,0.713946348401608
Elegant Tern,False,2.41,False,75,-0.822922585618896,0.713250970521992
Mexican Jay,False,2.12,True,100,-0.609938645491469,0.711409158840846
Ferruginous Hawk,False,3.17,False,70,0.477346332642203,0.69299104202939
Hammond's Flycatcher,False,1,False,60,-1.18092350807215,0.692126518179057
Purple Gallinule,False,2.32,False,80,0.14639644484217,0.688649628780976
Gray Jay,False,1.85,True,30,0.492803909798881,0.682334845874191
Cerulean Warbler,False,0.954242509,False,90,0.269629971837171,0.67023151196952
Harris's Hawk,False,2.93,True,40,0.798902727037624,0.643224538644967
Bronzed Cowbird,False,1.8,False,50,-0.916604350292616,0.63754875162756
Cave Swallow,False,1.28,False,60,-0.477538562141973,0.6370789017089
Golden-winged Warbler,False,0.977723605,False,70,0.187213568670007,0.636740609767465
Magnificent Frigatebird,False,3.17,False,47.5,-0.063455752586029,0.613078967863769
American Dipper,False,1.75,True,45,0.134575679884349,0.611594242120804
Yellow-billed Magpie,False,2.19,True,90,-0.231162479923793,0.609865194420137
Brown-crested Flycatcher,False,1.65,False,50,-0.688603527908051,0.609169816540521
Short-eared Owl,False,2.51,False,25,0.639049768460978,0.599472114219387
Upland Sandpiper,False,2.204119983,False,42.5,-0.088828342988328,0.58734998631797
Plain Chachalaca,False,2.69,True,15,-1.13790907852715,0.584643650786491
Hermit Warbler,False,1,False,80,-0.853972370519726,0.578554395840663
Sage Thrasher,False,1.65,False,40,-0.426161683333994,0.578422837863438
Japanese White-eye,True,1.041392685,True,80,-0.154448118465351,0.574006248628038
Gray Flycatcher,False,1.08,False,60,-0.647655522453199,0.569552071399145
White-tipped Dove,False,2.17,True,34.5,-0.279754008047051,0.561019596876287
Lark Bunting,False,1.58,False,80,0.575942529819034,0.557279591523757
Seaside Sparrow,False,1.35,False,47,0.186226190566464,0.545758871518224
Buff-bellied Hummingbird,False,0.6,True,95,-0.762809285134761,0.545589725547506
Calliope Hummingbird,False,0.48,False,100,0.165453160306086,0.544161381794781
Gull-billed Tern,False,2.23,False,90,-0.689893359469215,0.54203766016244
Wilson's Plover,False,1.74,False,85,0.350335563947989,0.531118348052791
Common Myna,True,2.07,True,60,0.125201939496797,0.523450397380267
Chuck-will's-widow,False,2.04,False,25,0.046519065306822,0.522999341458354
Cordilleran Flycatcher,False,1.056904851,False,80,-1.06506977855186,0.519052602141613
Lewis's Woodpecker,False,2.05,False,60,-0.381948182384983,0.510557715612248
Rhinoceros Auklet,False,2.68,False,69.5,-0.79380241997498,0.504092580731492
Black-legged Kittiwake,False,2.62,False,70,-0.660461015899913,0.494827140335525
Yellow-bellied Flycatcher,False,1.071882007,False,60,-0.133844713646557,0.490786431035053
Eastern Whip-poor-will,False,1.72,False,35,1.60182981478063,0.475600881663975
Least Grebe,False,2.12,True,40,-0.965707833406505,0.475375353703018
Pine Grosbeak,False,1.75,False,80,0.246200075788657,0.456017537054244
Henslow's Sparrow,False,1.11,False,44.5,-0.690151880888599,0.455754421099794
Painted Redstart,False,1,False,100,-0.897674148689827,0.444609581029189
Pacific Golden-plover,False,2.18,False,85,-0.11096527502944,0.442673799364311
Western Screech-owl,False,2.24,True,32.5,0.4505114880377,0.438257210128911
Gray Hawk,False,2.63,False,30,0.799777764304249,0.42641699217869
Parasitic Jaeger,False,2.65,False,60,-0.609283929575366,0.417940899646071
Scaled Quail,False,2.27,True,30,0.147144308846798,0.414388834261005
White-headed Woodpecker,False,1.79,True,100,-0.092159864361393,0.404446809982168
Scott's Oriole,False,1.56,False,100,-0.848868354235526,0.402849320258725
Marbled Murrelet,False,2.34,False,69.5,0.59091430442089,0.399673134808586
Purple Sandpiper,False,1.81,False,50,0.234654080630052,0.389280054607837
Arctic Tern,False,2.049218023,False,75,0.966195252003734,0.384017735518849
Tropical Kingbird,False,1.58,False,80,-0.666099607093019,0.381536927948327
Pinyon Jay,False,2.02,True,100,0.025568836014757,0.380315318159812
Lawrence's Goldfinch,False,1.04,False,70,-0.979483394845037,0.378943356397326
Black Guillemot,False,2.58,False,70,-0.616160359187153,0.375992698908144
Spotted Dove,True,2.22,True,20,0.631135780527912,0.372778925464512
Northern Saw-whet Owl,False,2,False,25,1.03913895296335,0.369452388040402
Surfbird,False,2.3,False,70,-0.116981496183324,0.367197108430836
Wandering Tattler,False,2.07,False,30,-0.714089763739893,0.362235493289791
Egyptian Goose,True,3.352182518,True,35,0.527564457922792,0.355150156516404
Tricolored Blackbird,False,1.76,False,80,-0.054885554575814,0.3541352806921
Cassin's Sparrow,False,1.26,False,22.5,-1.30196925619316,0.354097692698607
White-winged Crossbill,False,1.46,False,80,-0.218770728414237,0.353740606760426
Virginia's Warbler,False,0.913813852,False,50,-0.939895958583656,0.351034271228947
Bohemian Waxwing,False,1.74,False,40,0.392306373376202,0.347594969824358
Lesser Nighthawk,False,1.69,False,60,-0.598032632168474,0.338836967340544
White-tailed Hawk,False,3.01,True,85,0.074606730534047,0.329402380973859
Altamira Oriole,False,1.74,True,100,-0.658517099892323,0.328838561071468
Williamson's Sapsucker,False,1.68,False,90,-1.13919606340948,0.32628257751396
Common Poorwill,False,1.68,False,25,-0.006493739975171,0.324365589845829
Mountain Quail,False,2.36,True,30,0.394063912806161,0.322467396174444
Hepatic Tanager,False,1.57,False,90,-0.719566201751392,0.321659254314349
Fulvous Whistling-duck,False,2.88,False,70,0.030895136610767,0.312450195908622
King Rail,False,2.53,False,60,0.242569893023071,0.308315516624417
Northern Goshawk,False,2.94,False,50,1.44932902446193,0.306924760865185
Apapane,False,1.158362492,True,100,-0.13918265209736,0.305853503050641
Red-crowned Parrot,False,2.5,True,100,-0.09338205889221,0.30258334761677
Green Kingfisher,False,1.57,True,100,-0.674559541752863,0.301418119818495
Razorbill,False,2.86,False,85,0.506742644375912,0.293430671201282
Rivoli's Hummingbird,False,0.9,False,80,-0.427947820810131,0.288544232047222
Northern Pygmy-owl,False,1.79,True,32.5,0.109416510407459,0.280406431456038
Gilded Flicker,False,2.16,True,45,-0.468767443197498,0.274899790409348
Gray Kingbird,False,1.633468456,False,65,0.071211111891986,0.272306218858347
Eurasian Tree Sparrow,True,1.33,True,45,0.96386798411323,0.271535664991745
Nelson's Sparrow,False,1.23,False,70,-0.316364524615547,0.267213045740077
Red Phalarope,False,1.77815125,False,55,-0.533860093710451,0.259375949096835
Hudsonian Godwit,False,2.397940009,False,50,-0.517805498139752,0.25815433930832
Hawaii Amakihi,False,1.130333768,True,100,-0.273342938545481,0.255147299828899
Arizona Woodpecker,False,1.67,True,45,-0.160041005950101,0.25088106256747
Northern Fulmar,False,2.79,False,35,-0.249073344672109,0.250805886580484
Gray-crowned Rosy-finch,False,1.4,False,45,-0.809538062554764,0.235808277176871
Zone-tailed Hawk,False,2.88,False,60,-0.094424440718295,0.232256211791804
Bell's Sparrow,False,1.23,False,50,-1.17623675067756,0.231974301840608
Swainson's Warbler,False,1.176091259,False,20,-0.858266166585765,0.23056475208463
Leconte's Sparrow,False,1.130333768,False,45,-0.85757233166298,0.226411278803679
Black-chinned Sparrow,False,1.1,False,20,-0.83460813784813,0.215830258635465
Long-eared Owl,False,2.47,False,20,0.964413767213979,0.21549196669403
Common Pauraque,False,1.76,True,45,-0.546529962424704,0.213180305094225
Bachman's Sparrow,False,1.29,False,22.5,-0.755160846895698,0.204779388548592
Ringed Kingfisher,False,2.51,True,80,-0.659647638289956,0.204666624568113
Ridgway's Rail,False,2.439332694,True,60,-0.125683916557343,0.203219486818642
Chukar,True,2.7,True,42.5,1.63946305345573,0.201434057127736
Sagebrush Sparrow,False,1.23,False,50,-0.224006836400644,0.196246914025734
Tufted Puffin,False,2.889301703,False,69.5,0.370742780033004,0.191905500777319
Florida Scrub-jay,False,1.89,True,90,0.668242445049785,0.189800573141724
Red-cockaded Woodpecker,False,1.67,True,100,1.02724281916548,0.189142783255601
California Gnatcatcher,False,0.72,True,52.5,0.142216675935649,0.183166292290251
Sabine's Gull,False,2.278753601,False,69,-1.04800308398421,0.179388698944228
King Eider,False,3.21,False,85,0.564848050773212,0.17615613150385
Brown Booby,False,3.11,True,45,0.343290907925261,0.166777927127405
Whooping Crane,False,3.77,False,90,1.67941217841068,0.164823351465781
Omao,False,1.698970004,True,10,-0.900306732237387,0.164691793488556
Red-whiskered Bulbul,True,1.447158031,True,75,-0.029860220820555,0.162323749898512
Sooty Grouse,False,3.079181246,True,60,-0.121979633554101,0.157850778672873
Short-tailed Hawk,False,2.71,False,80,-0.213681325696944,0.155914997007995
Snail Kite,False,2.57,True,50,0.548703556477887,0.155727057040531
Red-vented Bulbul,True,1.653212514,True,30,-0.198199692632607,0.154749769209719
Cassin's Auklet,False,2.27,False,69.5,-0.890969343072846,0.146142118699876
Iiwi,False,1.255272505,True,100,0.413253190209128,0.145540710803992
Varied Bunting,False,1.096910013,False,80,-0.814275213409329,0.145296388846289
Sharp-tailed Grouse,False,2.95,True,40,0.793933138811786,0.144243925028491
Black-backed Woodpecker,False,1.86,True,95,0.037190359305075,0.142834375272512
White-crowned Pigeon,False,2.38,True,30,-0.5250765157046,0.141894675435193
Hawaiian Coot,False,2.84509804,True,65,-0.620079570352718,0.140710653640171
Connecticut Warbler,False,1.176091259,False,60,-0.157928617138321,0.139188339903714
Groove-billed Ani,False,1.91,False,45,-0.393775533356894,0.139075575923236
Hoary Redpoll,False,1.18,False,60,-0.477035893772419,0.137045824274626
Long-tailed Jaeger,False,2.477121255,False,55,-0.551022935031069,0.135166424599988
Gray Partridge,True,2.61,True,40,0.885499862447519,0.132253355104299
Indian Peafowl,True,3.653212514,True,90,1.78056365295242,0.128532143748515
Golden-cheeked Warbler,False,1,False,80,0.595722968724613,0.127930735852631
Common Black Hawk,False,2.84509804,False,75,0.465607231048307,0.12710379999579
Horned Puffin,False,2.720159303,False,70,0.104498855815402,0.126464804106413
Red-billed Leiothrix,True,1.322219295,True,30,-0.186745493243793,0.120093639209389
Thick-billed Murre,False,2.98,False,87.5,-0.486609546764607,0.11889082341762
Hawaii Elepaio,False,1.176091259,True,70,-0.05547477388503,0.116278457869873
Black-footed Albatross,False,3.45,False,25,0.808236717115473,0.109418649057443
Audubon's Oriole,False,1.62,True,100,-0.570465248103876,0.104325475939173
Java Sparrow,True,1.397940009,True,45,0.830970170149113,0.099570594762339
Greater Prairie-chicken,False,2.94,True,80,1.50375448348815,0.098762452902244
White-rumped Shama,True,1.477121255,True,60,1.29988134183588,0.097860341058418
Little Gull,False,2.07,False,85,0.130105355622314,0.097221345169041
Montezuma Quail,False,2.27,True,55,0.345160793955136,0.095323151497656
Elegant Trogon,False,1.85,False,90,0.153307072177782,0.094458627647322
Ancient Murrelet,False,2.34,False,64.5,-0.549189316605238,0.09415792369938
Elf Owl,False,1.602059991,False,20,1.25127020729338,0.092616815966177
Dusky Grouse,False,3.02,True,60,0.289855822114821,0.090944150255749
Leach's Storm-petrel,False,1.653212514,False,65,-0.988750199256154,0.090587064317567
Hawaiian Goose,False,3.278753601,True,20,1.29172315458082,0.08844454868848
Gray Francolin,True,2.511883361,True,30,-0.576309046767692,0.088031080760059
Black-capped Vireo,False,0.954242509,False,65,0.301176031791735,0.085268363238341
Atlantic Puffin,False,2.77,False,70,1.01178813748237,0.079648958211172
Mountain Plover,False,1.98,False,50,0.167299880084672,0.079517400233948
Parakeet Auklet,False,2.414973348,False,100,-1.02447650608777,0.074367845125439
Black Swift,False,1.658964843,False,52.5,0.175419616830466,0.072883119382474
Spruce Grouse,False,3.05,True,60,0.744649091721439,0.07207497752238
Eurasian Skylark,True,1.505149978,True,45,1.65243780801315,0.070928543720851
California Condor,False,3.93,True,70,1.86897818433862,0.070345929821713
Great Gray Owl,False,3.03,True,45,1.56645570134371,0.07010160786401
Sooty Tern,False,2.301029996,False,80,0.233454066428213,0.069970049886785
White-tailed Tropicbird,False,2.544068044,False,100,-0.198680589220308,0.06698180440411
Great Frigatebird,False,3.079181246,False,55,0.00513678678557,0.065046022739233
Black Rosy-finch,False,1.4,False,45,0.297002009214401,0.064858082771769
Red-footed Booby,False,3.079181246,False,75,0.814118097425931,0.064707730797798
Crested Auklet,False,2.397940009,False,60,0.569555711836075,0.063373357028804
Greater Sage-grouse,False,3.28,True,85,1.66016117057193,0.062508833178471
Yellow-billed Loon,False,3.69,False,80,-0.232998750514487,0.062396069197993
Willow Ptarmigan,False,2.75,False,50,0.905596541292599,0.060948931448521
Fork-tailed Storm-petrel,False,1.72427587,False,30,-0.88824592247421,0.058092243943071
Black-whiskered Vireo,False,1.255272505,False,70,-0.786433872910755,0.057133750109005
Wedge-tailed Shearwater,False,2.59439255,False,27.5,-0.381531923329163,0.055799376340012
Laysan Albatross,False,3.477121255,False,85,0.595320638208058,0.055273144431113
Bar-tailed Godwit,False,2.477121255,False,90,0.50257154971353,0.053769624691403
Spotted Owl,False,2.77,True,50,1.7882396866417,0.053619272717432
Flammulated Owl,False,1.740362689,False,38.5,0.428089644198334,0.053187010792265
Northern Hawk Owl,False,2.51,False,45,1.05384717771772,0.051382787104612
Black Rail,False,1.5,False,40,0.688906324738166,0.049033537511314
Kirtland's Warbler,False,1.146128036,False,85,0.691799987596139,0.048808009550357
Northern Wheatear,False,1.380211242,False,75,-0.226038088374753,0.048469717608922
Gyrfalcon,False,3.16,False,60,1.33477840292863,0.046984991865958
Mexican Whip-poor-will,False,1.72,False,35,-1.07232897710434,0.045951322044907
Smith's Longspur,False,1.45,False,50,-0.931569631466696,0.04578217607419
Aplomado Falcon,False,2.53,True,62.5,0.616838351717988,0.043414132484145
Bicknell's Thrush,False,1.439332694,False,42.5,-0.29956308801241,0.041215234864819
Rock Ptarmigan,False,2.73,False,50,1.87691812432253,0.039523775157644
White Tern,False,2.041392685,False,52.5,0.187040198502484,0.038076637408173
Tropical Parula,False,0.85,False,70,-0.585298669326546,0.038020255417933
Emperor Goose,False,3.33,False,85,0.20692125494846,0.037625581486259
Brown Noddy,False,2.255272505,False,30,-0.372928341757544,0.034599748010092
Black Noddy,False,2.079181246,False,70,-0.568112577110492,0.033284168237845
Ashy Storm-petrel,False,1.597695186,False,52.5,-0.472122406614576,0.032645172348468
Hawaiian Hawk,False,2.698970004,True,30,0.699019863368935,0.031367180569714
Steller's Eider,False,2.91,False,70,-0.425213445400002,0.030521450716126
Masked Booby,False,3.278753601,False,95,0.487308543365343,0.030352304745409
White Wagtail,False,1.397940009,False,95,0.134176231175136,0.029562956882061
White-tailed Ptarmigan,False,2.55,True,55,0.293916665949211,0.027326471269241
Mangrove Cuckoo,False,1.812913357,True,56.5,-0.208216424128261,0.026386771431922
Red-tailed Tropicbird,False,2.84509804,False,60,-0.378440864488477,0.026349183438429
Yellow Rail,False,1.75,False,60,0.392736108836895,0.02452616575403
Island Scrub-jay,False,2.079181246,True,90,-0.209437274318682,0.024394607776806
Bridled Tern,False,2.113943352,False,80,-0.705644023509137,0.023567671919965
Hawaiian Duck,False,2.77815125,True,20,0.449343073690672,0.022458826111928
Shiny Cowbird,False,1.6,True,10,0.590861631032352,0.021594302261594
Ivory Gull,False,2.740362689,False,55,0.509492339915033,0.017403240987151
Lesser Prairie-chicken,False,2.86,True,80,0.983285971600129,0.017027361052223
Boreal Owl,False,2.14,False,23.5,0.898954588741142,0.016501129143325
Northern Jacana,False,2.130333768,True,65,-0.521360315807272,0.015429871328781
Ferruginous Pygmy-owl,False,1.85,True,27,0.56292134955346,0.015260725358063
Bluethroat,False,1.267171728,False,70,0.446162987074874,0.014978815406867
Smooth-billed Ani,False,2.04,True,70,0.25819768915818,0.014922433416628
Akiapolaau,False,1.447158031,True,100,-0.335204073807093,0.014828463432896
Colima Warbler,False,1,False,30,-0.313019225128544,0.014001527576056
Palila,False,1.568201724,True,40,0.566069345647501,0.012479213839599
Hawaiian Petrel,False,2.653212514,False,100,0.005551002803969,0.011501926008787
White-winged Parakeet,True,1.86,True,100,0.678398055724073,0.010656196155199
Gunnison Sage-grouse,False,3.301029996,True,85.5,0.635718431450079,0.0088331784708
Newell's Shearwater,False,2.511883361,False,90,-0.386643890123161,0.00706654277664
Masked Duck,False,2.574031268,True,40,0.371433553622141,0.005487847049944
Himalayan Snowcock,True,3.397940009,True,20,0.398220712809439,0.002837893508704
Puaiohi,False,1.602059991,True,5,-0.109082470358704,0.001447137749472
Akikiki,False,1.161368002,True,30,0.793755584089963,0.001014875824305
